{"cameraMode":{"drawMode":0,"name":"Shaded","section":"Shading Mode"},"sceneLighting":true,"audioPlay":false,"sceneViewState":{"m_AlwaysRefresh":false,"showFog":true,"showSkybox":true,"showFlares":true,"showImageEffects":true,"showParticleSystems":true,"showVisualEffectGraphs":true,"m_FxEnabled":true},"in2DMode":false,"pivot":{"x":1.386452555656433,"y":-2.256925344467163,"z":-14.353286743164063},"rotation":{"x":-0.14968055486679078,"y":-0.13976319134235383,"z":0.021494446322321893,"w":-0.9784762263298035},"size":0.1870611608028412,"orthographic":false}