{"cameraMode":{"drawMode":0,"name":"Shaded","section":"Shading Mode"},"sceneLighting":false,"audioPlay":false,"sceneViewState":{"m_AlwaysRefresh":false,"showFog":true,"showSkybox":false,"showFlares":true,"showImageEffects":true,"showParticleSystems":true,"showVisualEffectGraphs":true,"m_FxEnabled":true},"in2DMode":false,"pivot":{"x":-0.02761831507086754,"y":-2.4354398250579836,"z":-0.1397208869457245},"rotation":{"x":0.02516966313123703,"y":-0.03537788242101669,"z":-0.0008166480110958219,"w":-0.9989814162254334},"size":0.8660253882408142,"orthographic":false}